2020-12-22T17:40:15Z,My Play,AJR,6O03YBAk7hcOrHoAHCWPYr
2020-12-21T13:00:03Z,Bloodstain,Wrabel,3vHTlIT5uIilAFf6Cy69tr
2020-12-21T12:59:49Z,Doubt,Twenty One Pilots,57yL3161hUMuw06zzzUCHi
2020-12-14T02:15:30Z,R.I.P. 2 My Youth,The Neighbourhood,07VBqWH6NG8L2ad3l84UKk
2020-12-14T02:10:20Z,Scary Love,The Neighbourhood,6TA5aymvVrtiPVbuAwmPIc
2020-12-13T03:33:42Z,Greek Tragedy Tik Tok,DunkMemer,6xtFYAO5wpAjJvi90JTsRd
2020-12-12T11:33:28Z,Cry Baby,The Neighbourhood,0EfsDEYaSjGYd66Pr881nq
2020-12-12T06:43:46Z,My Tears Are Becoming A Sea,M83,1Fwj0wThn3kTg8D7KgWdsU
2020-12-12T00:23:53Z,Do I Wanna Know?,Arctic Monkeys,5FVd6KXrgO9B3JPmC8OPst
2020-12-04T12:44:06Z,Daddy Issues,The Neighbourhood,5E30LdtzQTGqRvNd7l6kG5
2020-12-03T12:12:01Z,Sweater Weather,The Neighbourhood,2QjOHCTQ1Jl3zawyYOpxh6
2020-12-02T06:22:31Z,Guilty Conscience,070 Shake,0smgkpVia3VCXgY4qhVJvp